Dataset Size,Bloom Memory Usage (KB),Bloom Insertion Time (s),Bloom Query Time (s),Bloom False Positive Rate,Cuckoo Memory Usage (KB),Cuckoo Insertion Time (s),Cuckoo Query Time (s),Cuckoo False Positive Rate,Vacuum Memory Usage (KB),Vacuum Insertion Time (s),Vacuum Query Time (s),Vacuum False Positive Rate
10000,12.28515625,0.12788009643554688,0.5388429164886475,0.0162,78.1796875,10.301443338394165,0.6081826686859131,0.0,9.875,0.7182965278625488,0.8484437465667725,0.13635
100000,122.1484375,1.641315221786499,14.405716180801392,0.017015,781.3046875,98.2591598033905,16.645185708999634,0.0,97.765625,7.59205961227417,18.40728735923767,0.13577
1000000,1220.78125,14.301403760910034,2339.84397482872,0.0137125,7812.5546875,883.1151094436646,2240.609529733658,0.0,976.671875,66.87438201904297,2412.3421154022217,0.123511
